"id","question","right-answer","wrong-answer-1","wrong-answer-2","wrong-answer-3","kategorie","proposer","gemolden","reason","propose_date","proposer_time"
"16","Für welches Element steht die Abkürzung AU","Gold","Silber","Mais","Eisen","sonstige","0","0","none","2021-11-21","20:14:22"
"18","Wann wurde Donald Trump Präsident?","2016","2017","2014","2010","sonstige","0","0","none","2021-11-21","20:14:22"
"19","Welcher Vogel legt seine Eier in fremde Nester?","Kuck Kuck","Elster","Adler","Taube","sonstige","0","0","none","2021-11-21","20:14:22"
"20","Welcher ist der Grösste Vogel?","Strauss","Adler","Storch","Emu","sonstige","0","0","none","2021-11-21","20:14:22"
"21","Welches ist das schnellste Tier?","Gepard","Huhn","Pferd","Löwe","sonstige","0","0","none","2021-11-21","20:14:22"
"22","Wie heisst der Schweizer Nationalzirkus?","Knie","Ellbogen","Nase","Fuss","sonstige","0","0","none","2021-11-21","20:14:22"
"23","Was ist das Grösste Grass?","Bambus","Klee","Spitzgrass","Pampas gras","sonstige","0","0","none","2021-11-21","20:14:22"
"24","Wie alt wird das Universum geschätzt?","13.8 Mrd. Jahre","10.8 Mrd. Jahre","18.8 Mrd. Jahre","3.8 Mrd. Jahre","sonstige","0","0","none","2021-11-21","20:14:22"
"25","Wer war der Letzte US Präsident der im Amt ermordet wurde?","JF. Kennedy","Abraham Lincoln","Ronald Reagen","Jimmy Carter","sonstige","0","0","none","2021-11-21","20:14:22"
"26","Wie viele Finger haben die Charaktäre aus den Simpsons","4","5","3","6","sonstige","0","0","none","2021-11-21","20:14:22"
"27","Wann kam der Originale Schneewitchen Film heraus?","1937","1927","1954","1945","sonstige","0","0","none","2021-11-21","20:14:22"
"28","Bei welcher Stadt liegt die Golden Gate Bridge?","San Francisco","Berlin","New York","Kalifornien","sonstige","0","0","none","2021-11-21","20:14:22"
"29","Wie heisst die einzige Exklave Deutschlands?","Büsingen","Stühlingen","Rüdlingen","Pabloingen","sonstige","0","0","none","2021-11-21","20:14:22"
"30","Wie heisst die Verganheits form im Französischen?","Passer Compose","Passe Simple","Passe L'Amour","Passe 'Circe","sonstige","0","0","none","2021-11-21","20:14:22"
"31","Wie heisst der Gründer von Zirkus Knie","Friedrich Knie","Karl Knie","Charles Knie","Freddy Knie","sonstige","0","0","none","2021-11-21","20:14:22"
"32","Wie viele Einwohner hat die Schweiz?","8,6 Millionen","9,6 Millionen","5,6 Millionen","11,6 Millionen","sonstige","0","0","none","2021-11-21","20:14:22"
"33","Welches ist das Kleinste Land?","Schweiz","Deutschland","Oesterreich","Polen","sonstige","0","0","none","2021-11-21","20:14:22"
"34","Wie heisst die Legendäre Hauptstrasse der USA?","Route 66","Route 101","Route 69","Mexico Freeway","sonstige","0","0","none","2021-11-21","20:14:22"
"35","Welches ist das grösste Volksfest?","Oktober Fest","November Fest","Karneval","Pabloval","sonstige","0","0","none","2021-11-21","20:14:22"
"36","Wo ist das grösste Kürbis fest der Schweiz?","Richterswil","Pablowil","Schleitheim","Rudolfingen","sonstige","0","0","none","2021-11-21","20:14:22"
"37","Welcher ist der leichteste Vogel?","Kolibri","Taube","Kanarien Vogel","Wellensittich","sonstige","0","0","none","2021-11-21","20:14:22"
"38","Welcher ist der grösste See, welcher ganz in der Schweiz liegt.","Neuenburger See","Vierwald Städter See","Bodensee","Sempacher See","sonstige","0","0","none","2021-11-21","20:14:22"
"39","Welche ist die Steak Hauptstadt?","Amarillo","Tulsa","Tampa","Amerika","geographie","0","0","none","2021-11-21","20:14:22"
"40","Welche ist die Country Hauptstadt der USA?","Nashville","Buffalo","Cheffield","Pabloville","sonstige","0","0","none","2021-11-21","20:14:22"
"41","Welches ist der Kartoffel Staat?","Idaho","Kansas","Florida","New Haverbrook","sonstige","0","0","none","2021-11-21","20:14:22"
"42","Wo ist der Hauptsitz der NASA?","Houston","Rillo","Florida","Pablido","sonstige","0","0","none","2021-11-21","20:14:22"
"43","Was ist die einwohner stärkste Stadt von den USA?","New York","Los Angeles","Atlanta","MIno Coco","sonstige","0","0","none","2021-11-21","20:14:22"
"69","was ist die hauptstadt von nicaragua?","Managua","Trinidad","marshville","landtown","sonstige","0","0","none","2021-11-21","20:14:22"
"70","Wie viele knochen hat der Menschliche Körper?","206","300","187","240","sonstige","0","0","none","2021-11-21","20:14:22"
"71","Wie lauten die vier P's des Marketings?","Product, Price, Place, Promotion","Product, Palace, Place, Promotion","Product, Price, Place, Prototype","Party, Price, Place, Promotion","sonstige","0","0","none","2021-11-21","20:14:22"
"72","Wenn ein Unternehmen bei der Preisbestimmung auf seine Konkurrenz achtet wie nennt man das?","Wettbewerbsorientiert","Kostenorientiert","Landorientiert","Kongruenzorientiert","sonstige","0","0","none","2021-11-21","20:14:22"
"73","Welche drei Komponenten gehören zum Kongruenzprinzip?","Kompetenz, Verantwortung und Aufgaben","Kompetenz, Verantwortung und Artischoken","Kompetenz, Vertrieb und Aufgaben","Kontrolle, Verantwortung und Aufgaben","sonstige","0","0","none","2021-11-21","20:14:22"
"74","Was ist ein Organigramm?","Eine graphische Darstellung vom Aufbau einer Firma","Ein Werkezeug um den Teufel herauf zu beschwören.","Eine Graphik die Lineare Entwicklungen vergleicht.","Eine Coole Quiz Platform.","sonstige","0","0","none","2021-11-21","20:14:22"
"75","Was ist die Inflation?","Wertverlust der Währung","Gewinn","Umsatz","Ornitologische Prinzipien","sonstige","0","0","none","2021-11-21","20:14:22"
"76","Wie heisst das Südlichste Land Afrikas?","Süd Afrika","Sudan","Kongo","Israel","sonstige","0","0","none","2021-11-21","20:14:22"
"77","Wie heisst der Fluss der durch Egypten fliesst?","Nil","Po","Mao Ze dong","Mara","sonstige","0","0","none","2021-11-21","20:14:22"
"78","Wie cool ist quuli.ch?","99999999999%","100%","10%","75.387237%","sonstige","0","0","none","2021-11-21","20:14:22"
"79","Welches dieser Länder liegt auf dem Äquator?","Kenia","Marokko","Algerien","Kanada","sonstige","0","0","none","2021-11-21","20:14:22"
"80","Wie heisst der Australische Wildhund?","Dingo","Gringo","Mandingo","Pablingo","sonstige","0","0","none","2021-11-21","20:14:22"
"81","Welches Land liegt in Ozeanien ?","Tonga","St.kitts","Seychellen","Malediven","sonstige","0","0","none","2021-11-21","20:14:22"
"82","Welches dieser Antworten ist ein Eigenständiges Land?","Kap verde","Bali","Grönland","Nieu","sonstige","0","0","none","2021-11-21","20:14:22"
"83","wo ist juan?","auf dem Balkon","Auf der weide","Im Pferde Stall","Vor deiner Haustür","sonstige","0","0","none","2021-11-21","20:14:22"
"84","Welches dieser Antworten ist ein Eigenständiges Land?","Marshallinseln","Mayotte","Guam","Kaimaninseln","sonstige","0","0","none","2021-11-21","20:14:22"
"85","Welche Antwort ist ein Eigenständiges Land?","Kiribati","Turks - Caicosinseln","Bermuda","Nördlicher Marianen","sonstige","0","0","none","2021-11-21","20:14:22"
"86","Was ist eine Stelle?","Kleinste Organisatorische Einheit","Eine Maus","CL Server Persisteten Dateien","Abteilung Innendienst im Fachbereich Microsoft Edge","sonstige","0","0","none","2021-11-21","20:14:22"
"87","Was ist Microsoft Edge?","Eine Betriebssystem","Ein Browser","Eine Maus","Ein Mädchen welches keine Ahnung hat","sonstige","0","0","none","2021-11-21","20:14:22"
"88","Was ist die Hauptstadt Deutschlands?","Berlin","Bern","Stuttgart","Strasbourg","sonstige","0","0","none","2021-11-21","20:14:22"
"89","Wann wurde die Schweiz gegründet?","1848","1737","1291","1920","sonstige","0","0","none","2021-11-21","20:14:22"
"90","Welche Antwort ist keine vollständige eigene Insel?","Brunei","Aruba","Bahrain","Bonaire","sonstige","0","0","none","2021-11-21","20:14:22"
"91","Welche der Antworten ist kein Autonomes Land im Königreich Niederlande?","Bonaire","Aruba","Niederlande","SintMaarten","sonstige","0","0","none","2021-11-21","20:14:22"
"92","Welche der Antworten ist keine Provinz in Niederlande?","Aruba","Saba","Bonaire","Sint Eustatius","sonstige","0","0","none","2021-11-21","20:14:22"
"93","Welche Provinz in Niederlande ist in Europa?","Zeeland","Bonaire","Saba","Sint  Maarten","sonstige","0","0","none","2021-11-21","20:14:22"
"94","Spitzbergen gehört zu?","Norwegen","Grönland","Schweden","Dänemark","sonstige","0","0","none","2021-11-21","20:14:22"
"95","Färöer gehört zu?","Dänemark","Königreich Grossbritanien","Vereinigtes Königreich Großbritannien und Irland","Vereinigtes Königreich","sonstige","0","0","none","2021-11-21","20:14:22"
"96","Welches Königreich Existiert heute?","Vereinigtes Königreich","Vereinigtes Königreich Großbritannien und Irland","Königreich Großbritannien","Königreich England","sonstige","0","0","none","2021-11-21","20:14:22"
"97","Lesotho ist von welchem Land vollumfänglich eingeschlossen?","Südafrika","Sambia","Mosambik","Namibia","sonstige","0","0","none","2021-11-21","20:14:22"
"98","Ist Cockburn Town eine Reale Haupstadt?","ja, von Turk - Caicosinseln","ja, von Britische Jungferninseln","nein, ist frei erfunden","ja, ist aber keine Haupstadt","sonstige","0","0","none","2021-11-21","20:14:22"
"99","Papeete ist?","die Haupstadt Polynesien","da um wände zu verschönern (Indien)","ein Musik Instrument","ein Nationalgerichts Samoa`s","sonstige","0","0","none","2021-11-21","20:14:22"
"100","who the fuck is Rolf?","heisser stepdad","ein renntier","eine Bushaltestelle","eine Fishermans Friend Sorte","cool","0","0","none","2021-11-21","20:14:22"
"101","who the fuck is Rolf?","heisser stepdad","ein renntier","eine Bushaltestelle","eine Fishermans Friend Sorte","cool","0","0","none","2021-11-21","20:14:22"
"102","Wer ist der grösste Spast in der Klasse?","Natalie","Nat","Nat","Nat","cool","0","0","none","2021-11-21","20:14:22"
"103","Wo ist der Ärmelkanal?","zwischen England und Frankreich","Zwischen Handballen und Ellbogen (unter der Haut)","Ein Abschnitt im alten Londoner Untergrund","Eine Passage im Corinth Kanal","sonstige","0","0","none","2021-11-21","20:14:22"
"104","Welches Land liegt nicht in Zentral Amerika?","Ecuador","Nicaragua","Costa Rica ","Panama","sonstige","0","0","none","2021-11-21","20:14:22"
"105","Pago Pago ist ?","eine Hauptstadt","Stadtteil Bogotas","Gericht in Bolivien","Clanname Brasiliens","sonstige","0","0","none","2021-11-21","20:14:22"
"106","Welche der Antworten ist ein Land?","Kap Verde","Kap Horn","Kap Grenada","Kap Gibralta","sonstige","0","0","none","2021-11-21","20:14:22"
"108","Welches der Länder gehört zu Afrika?","Eswatini","Brunei","Kiribati","Dominica","sonstige","0","0","none","2021-11-21","20:14:22"
"109","Sao Tome liegt in?","Afrika","Asien","Zentral Amerika","Ozeanien","sonstige","0","0","none","2021-11-21","20:14:22"
"110","Welche Farbe hat der Himmel?","Blau","Grün","Rot","Gelb","sonstige","0","0","none","2021-11-21","20:14:22"
"111","Welches Land liegt nicht in Afrika?","Belize","Benin","Gambia","Togo","sonstige","0","0","none","2021-11-21","20:14:22"
"112","Mali liegt in welchem Kontinent?","Afrika","Asien ","Ozeanien","Karibik","geographie","0","0","none","2021-11-21","20:14:22"
"113","In welchem Abstand findet die WM statt?","4 Jahre","6 Monate","2 Jahre","5 Jahre","sonstige","0","0","none","2021-11-21","20:14:22"
"114","Welche passé composé Form ist richtig?","Je suis mort","Tu as mange","Nous nous lavé","Ils ont deshabillié","sonstige","0","0","none","2021-11-21","20:14:22"
"115","Wann war der 2. Weltkrieg zu Ende?","1945","1899","1845","1942","sonstige","0","0","none","2021-11-21","20:14:22"
"116","Was ist das grösste Tier der Welt?","Blauwal","Triceratops","Kanadische Giraffe","Indischer Riesenflughund","sonstige","0","0","none","2021-11-21","20:14:22"
"117","Wer sind Harry Potters beste Freunde?","Hermine, Ron","Malfoy, Myrte","Hagrid, Dumbledore","Snape, McGonagall","sonstige","0","0","none","2021-11-21","20:14:22"
"118","Welches Organ kann man ohne Sorgen entnehmen?","Blinddarm","Zwölffingerdarm","Herz","Darm","sonstige","0","1","none","2021-11-21","20:14:22"
"119","Wer in der Harry Potter Welt hat keine Nase?","Lord Voldemort","Severus Snape","Minerva McGonagall","Albus Dumbledore","sonstige","0","0","none","2021-11-21","20:14:22"
"120","Welche Beere juckt, wenn man sie anfässt?","Hagebutte","Stachelbeere","Drachenfrucht","Heidelbeere","sonstige","0","0","none","2021-11-21","20:14:22"
"121","Wie schreibt man Quuli?","Quuli","Schwuuli","Quoli","iluuQ","cool","0","0","none","2021-11-21","20:14:22"
"122","Wer ist die intelligenteste Person in MED21/25?","Bianca","sismax","Emil","Nuttalie","cool","0","0","none","2021-11-21","20:14:22"
"123","Was ist Malware?","ein Schadprogramm","Eine Ware um Dinge zu mahlen","Ein PDF Programm","Ein Betriebssystem","sonstige","0","0","none","2021-11-21","20:14:22"
"124","Aus wie viel Prozent PET besteht PET?","100%","99.23%","67.9%","11.6%","sonstige","0","0","none","2021-11-21","20:14:22"
"125","Wie nennt man den Arbeitsspeicher in einem Computer?","RAM","CPU","GPU","Festplatte","sonstige","0","0","none","2021-11-21","20:14:22"
"126","Wer hat ein Glas voll mit Dreck?","Captain Jack Sparrow","Harry Potter","James Bond","Garfield","sonstige","0","0","none","2021-11-21","20:14:22"
"127","Was kann man nicht benutzen um eine Website zu erstellen?","PDF","HTML","CSS","Flexbox","sonstige","0","0","none","2021-11-21","20:14:22"
"128","Wie sieht der Befehl für einen Textabschnitt in HTML aus?","<p> </p>","<t> </t>","<a> </a>","<pg> </pg>","cool","0","0","none","2021-11-21","20:14:22"
"129","Horton hört ein ...?","Hu!","Bu!","Juhu!","Buhu!","sonstige","0","0","none","2021-11-21","20:14:22"
"130","Frag doch mal die ...?","Maus","Kuh","Ziege","Ratte","sonstige","0","0","none","2021-11-21","20:14:22"
"131","Mit welcher Farbe darf man in der Schule nicht schreiben?","Rot","Schwarz","Blau","Silbern","sonstige","0","0","none","2021-11-21","20:14:22"
"132","Wasbedeutet TW?","Trigger Warnung","Teure Währung","Tinten Weide","Tauben Weite","cool","0","0","none","2021-11-21","20:14:22"
"133","Aus was besteht Papier?","Baum","Schleifpapier","Baumwollfasern","Sandstein","sonstige","0","0","none","2021-11-21","20:14:22"
"134","Wer ist cooler wie quuli.ch?","Biancas Freunde","Alle ausser Maxim","Bianca","Rolf","cool","0","0","none","2021-11-21","20:14:22"
"136","Frage?","Richtige Antwort","Erste falsche Antwort","Zweite Falsche Antwort","Dritte falsche Antwort","cool","0","1","none","2021-11-21","20:14:22"
"137","Wie cool ist Maxim?","alle antworten sind gleich","zu 0%","etwa so sehr wie quuli.ch","gar nicht","cool","0","0","none","2021-11-21","20:14:22"
"138","Auf welcher Flagge Kann man kein Tier sehen?","Kenia","Albanien","Sri lanka","Bhutan","sonstige","0","0","none","2021-11-21","20:14:22"
"139","Was ist besser Flexbox oder css?","html","1","Fleckbock","css","cool","0","0","none","2021-11-21","20:14:22"
"140","Ist natalie cool?","nein sie ist abschaum","nee","nicht wirklich","nein ","cool","0","0","none","2021-11-21","20:14:22"
"141","Wie heisst Biancas Kind?","trick question sie kriegt zwillinge","susej","Rolf","juan","cool","0","1","none","2021-11-21","20:14:22"
"142","Welches Lebensmittel besteht prozentmässig am meisten aus Wasser?","Gurke","Tomate","Vollkornbrot","Karotte","sonstige","0","0","none","2021-11-21","20:14:22"
"143","Wie nennt man Dwayne Johnson auch?","The Rock","The Hill","The Mountain","The Stein","sonstige","0","0","none","2021-11-21","20:14:22"
"144","Webseite =?","Webpage","Website","Webdesign","Webidentity","sonstige","0","1","none","2021-11-21","20:14:22"
"145","Welche Farbe erkennt der homo sapiens am schnellsten?","Rot","Blau","Grün","Gelb","sonstige","0","0","none","2021-11-21","20:14:22"
"146","Welche Eigenschaft hat eine Banane?","Sie enthält viel Kalium","Sie ist nicht krumm","Sie ist rot","Sie enthält viel Vitamin AB3","sonstige","0","0","none","2021-11-21","20:14:22"
"147","Was bedeutet das Logo des Autos: VW ?","Volkswagen","Vollwertige Wartung","Versuch wegzurennen","Viel Wert","sonstige","0","0","none","2021-11-21","20:14:22"
"148","Hauptstadt von Grönland?","Nuuk","Narsaq","Illuniut","Paarmiut","sonstige","0","0","none","2021-11-21","20:14:22"
"149","Welche Redewendung stimmt nicht?","Ich habe das Haar verloren","Es ist noch nie ein Meister vom Himmel gefallen.","Den Nagel auf den Kopf treffen.","Wie die Faust auf's Auge.","sonstige","0","0","none","2021-11-21","20:14:22"
"150","Was gibt 9 * 9?","81","76","51","101","sonstige","0","1","none","2021-11-21","20:14:22"
"151","Was ergibt 5 + 2 * 10?","25","100","70","52","sonstige","0","0","none","2021-11-21","20:14:22"
"152","Haupstadt von Brasilien?","Brasilia","Rio de janeiro","sao paulo","salvador","sonstige","0","0","none","2021-11-21","20:14:22"
"153","Welches Wort ist falsch geschrieben?","triumpfierend","projizieren","Emanzipation","Symmetrie","sonstige","0","0","none","2021-11-21","20:14:22"
"154","Was ist Darth Vader?","Lukes Vater","Ein Goblin","Der Zweite Auserwählte","Anakin Floorwalker","sonstige","0","0","none","2021-11-21","20:14:22"
"155","Wie macht der Fuchs?","Ringdingdingding","Tututut","Haphaphap","Rowrowrow","sonstige","0","0","none","2021-11-21","20:14:22"
"156","Welche Antwort ist ein Eigeständiges Land?","Salomonen","Polynesein","Cookinseln","Mikronesien","sonstige","0","0","none","2021-11-21","20:14:22"
"157","Ein Land liegt nicht in der Karibik?","tuvalu","st.kitts","grenada","antigua","sonstige","0","0","none","2021-11-21","20:14:22"
"158","wa-pa-pa-pa-pa-pa-pow?","Fuchs","SG510","Gawk","Bauch Trommler","sonstige","0","0","none","2021-11-21","20:14:22"
"159","Wann starb JF Kennedy?","1963","1968","1956","1972","sonstige","0","0","none","2021-11-21","20:14:22"
"160","Wann machte man sich Sorgen das alle Computer explodieren würden?","1999","1899","2007","2001","sonstige","0","0","none","2021-11-21","20:14:22"
"161","Wann machte man sich Sorgen das alle Computer explodieren würden?","1999","1899","2007","2001","sonstige","0","0","none","2021-11-21","20:14:22"
"307","Was bedeutet LCD?","Liquid Crystal Display","Lies cause Dead","Last Call Done","Liquid Cinnamon Display","technik","0","0","none","2021-11-21","20:14:22"
"308","Für was steht das chemische Symbol AG?","Silber","Eisen","Gold","Helium","wissenschaft","0","0","none","2021-11-21","20:14:22"
"309","Für was steht das chemische Symbol He?","Helium","Wasserstoff","Eisen","Neon","wissenschaft","0","0","none","2021-11-21","20:14:22"
"310","Für was steht das chemische Symbol H?","Wasserstoff","Helium","Rodium","Xenon","wissenschaft","0","0","none","2021-11-21","20:14:22"
"312","Aus welcher Stadt kommt das Corona Virus?","Wuhan","Tokio","New York","Shanghai","geographie","26","0","none","2021-11-21","20:14:22"
"313","Welches der folgenden Lebensmitteln ist kein Gemüse?","Tomate","Karotte","Peperoni","Brokkoli","sonstige","26","0","none","2021-11-21","20:14:22"
"314","Welches Tier repräsentiert den Kanton Schaffhausen?","Steinbock","Stier","Ziege","Schaf","kultut","26","0","none","2021-11-21","20:14:22"
"315","Welche Farbe entsteht, wenn man Gelb und Violett mischt?","Braun","Rot","Orange","Blau","kunst","26","0","none","2021-11-21","20:14:22"
"316","Wer hat die Mona Lisa gemalt?","Leonardo da Vinci","Pablo Picasso","Leonardo di Caprio","Vincent van Gogh","kunst","26","0","none","2021-11-21","20:14:22"
"317","Wie viele Tage hat der September?","30","31","29","28","sonstige","26","0","none","2021-11-21","20:14:22"
"318","welches ist der kälteste See?","Baikalsee","Eriesee","Lake Thaoe","Murtensee","geographie","28","0","none","2021-11-21","20:14:22"
"319","Wie viel liter ist eine Gallone?","3.86","5","3.14","1.2","sonstige","28","0","none","2021-11-21","20:14:22"
"320","Wie viele meter stecken in einer Meile?","1600","1500","1680","1392","sonstige","28","0","none","2021-11-21","20:14:22"
"321","Aus welcher Serie ist Sheldon Cooper bekannt?","The Big Bang Theory","Better Call Saul","Alle unter einem Dach","The Office","filme","19","0","none","2021-11-21","20:14:22"
"322","Aus welcher Serie kommt der Spruch ""I am the one who knocks""?","Breaking Bad","Better Call Saul","Urkel und Greed","Legende des Westens","filme","19","0","none","2021-11-21","20:14:22"
"323","Was bedeutet der Begriff KI?","Künstliche Intelligenz","Kanne Internet","Karotten Intermezzo","Kool Ivory","technik","19","1","none","2021-11-21","20:14:22"
"324","Von welchem Unternehmen stammt die Xbox?","Microsoft","Sony","Samsung","Dell","sonstige","19","0","none","2021-11-21","20:14:22"
"325","Wie viele Länder grenzen an die Schweiz?","5","6","4","7","geographie","19","0","none","2021-11-21","20:14:22"
"326","Wie hiess der General der Schweizer Armee währenddem 2ten Weltkrieg?","Henry Guisan","Pablo Mann","Fridolin Merten","Hans Redinger","geschichte","19","0","none","2021-11-21","20:14:22"
"327","Welche von diesen Personen war ein internationaler Drogenbaron während den 80ern und 90ern?","Pablo Escobar","Angelo Merte","Coronel Brahim","Hola Perseiver","geschichte","19","0","none","2021-11-21","20:14:22"
"328","Aus welcher Serie kennt man Walter White?","Breaking Bad","Better Call Saul","Legende des Westens","Haus des Geldes","filme","19","0","none","2021-11-21","20:14:22"
"329","Von welcher Filmreihe stammt der Charakter Katniss Everdeen?","Tribute von Panem","Maze Runner","Die Bestimmung","Fluch der Karibik","filme","0","0","none","2021-11-21","20:14:22"
"330","Von welcher Serie stammt der Charakter Rick Grimes?","The Walking Dead","Game of Thrones","Sherlock","Breaking Bad","filme","0","0","none","2021-11-21","20:14:22"
"331","Welches Schmuckstück musste Frodo Beutlin in das Feuer von Mordor werfen?","Ring","Halskette","Armreif","Ohrring","filme","26","0","none","2021-11-21","20:14:22"
"332","Welche Mischung erzeugt ein unaufhaltsames Schäumen?","Cola & Mentos","Orangensaft & Milch","Zitronensaft & Rahm","Brennsprit & Sprite","wissenschaft","26","0","none","2021-11-21","20:14:22"
"333","Was ist x? 4x + 8 = 28x?","x = 1/3","x = 4/5","x = 2","x = 6","sonstige","26","1","none","2021-11-21","20:14:22"
"334","\?","Backslash","Bäcksläsh","slash","forwardslash","cool","26","1","none","2021-11-21","20:14:22"
"335","Wie nennt man das @ auf französisch?","arobase","acrobase","ät","arobastart","sonstige","31","0","none","2021-11-21","20:14:22"
"336","Wann fuhr Christof Kolumbus nach Amerika?","1492","1390","1522","1780","geschichte","0","1","none","2021-11-21","20:14:22"
"337","Welche Farbe hat Maxims Uhr?","Blau","Schwarz","Grau","Rot","cool","26","0","none","2021-11-21","20:14:22"
"338","Wer ist der beste Lehrer?","Garigliano","Keller","Gibeaux","Liechti","sonstige","39","0","none","2021-11-21","20:14:22"
"339","Welcher Ball ist der grösse?","Medizinball","Fussball","Tennisball","Pingpongball","sonstige","26","0","none","2021-11-21","20:14:22"
"340","Was ist Maxims Lieblingshemd?","Blau","Braun","Geblumt","Pink","cool","39","0","none","2021-11-21","20:14:22"
"341","Welcher Lebensmittel gibt es auch als Filmtitel?","Kartoffelsalat","Karottensalat","Nüsschensalat","Wurstsalat","sonstige","26","0","none","2021-11-21","20:14:22"
"342","Was ist Juans Beruf?","Balkonsteher","Türsteher","Fenstersteher","Hintergeher","cool","30","0","none","2021-11-21","20:14:22"
"343","Was bedeutet Anglizismus ?","Eingedeutschtes Wort aus dem Englischen","Ein anderer Begriff für die Sprache Englisch","das Geräusch das Schlangen ausstossen","Eine Schlangenart","sonstige","0","0","none","2021-11-21","20:14:22"
"344","Welcher ist der beste Tag in der Woche?","Samstag","Montag","Mittwoch","Freitag","sonstige","39","0","none","2021-11-21","20:14:22"
"345","Was ist cringe?","Afrika","Afroafrika","Afrafika","Affen","geographie","30","1","none","2021-11-21","20:14:22"
"346","Wo und wie starb Adolf Hitler?","In seinem Bunker per Headshot","Auf dem Schlachtfeld wegen einer Granate","In einem Konferenzraum mit einer Attentatbombe","In einem Panzer auf der Flucht vor den Aliierten","geschichte","26","0","none","2021-11-21","20:14:22"
"347","Wie cool ist beethoven?","Beethoven","10/10","8/10","0/10","cool","30","1","none","2021-11-21","20:14:22"
"348","Meldung zu wem die Afrikafragen macht:?","HÖR UF MAN!!","toll","kuhhhhl","nice","cool","39","1","none","2021-11-21","20:14:22"
"349","Auf welchem Kontinent liegt Brasilien?","Südamerika","Nordamerika","Afrika","Europa","geographie","26","0","none","2021-11-21","20:14:22"
"350","Welches Lebensmittel ist auch ein Liedtitel?","Kartoffelsalat","Wurstsalat","Hörnlisalat","Wassersalat","sonstige","39","0","none","2021-11-21","20:14:22"
"351","Welche Waffe beherrscht Katniss Everdeen am besten?","Pfeilbogen","Doppelschwert","Lanze","Armbrust","filme","26","0","none","2021-11-21","20:14:22"
"353","Was ist endoplasmatisches Retikulum?","Ein Kanalsystem in Zellen.","En Medikament, um Furunkel zu heilen.","""Unglaubliche Handlung"" auf Latein","Ein Schlachtruf, der alten Römer","wissenschaft","26","0","none","2021-11-21","20:14:22"
"354","Was ist ein Argentavis?","Ein grosser Adler aus der Dinosaurier Zeit.","ein Reptil","der Fachbegriff für ein Krokodil","Der Bruder von Rolf welcher Juan geheiratet hat.","geschichte","30","1","none","2021-11-21","20:14:22"
"355","Wie lange braucht das Licht der Sonne bis zur Erde?","ca. 8 Minuten","ca. 10 Sekunden","ca. 3 Stunden","ca. 4 Milisekunden","wissenschaft","26","0","none","2021-11-21","20:14:22"
"356","Wo verschwenden wir am meisten Zeit?","auf dem Balkon","bei Herrn Iff","bei Herrn Antabrink","im Grab","cool","30","1","none","2021-11-21","20:14:22"
"357","Was ist der grösste Wordporn?","Anta: man soll es in der Familie nicht übertreiben!","Liechti: maximal 3er!","s Video vom Anta zu de Typographie","übrigens: es funkt, ihr wüssed weli 2 ich mein ;)","cool","39","0","none","2021-11-21","20:14:22"
"358","Wie hoch ist die Zahl der Weltbevölkerung?","7.9 Mia","8.6 Mia","10.2 Mia","6.7 Mia","geographie","0","0","none","2021-11-21","20:14:22"
"362","Was beduetet Exposee?","Alles","Aufgedeckt","Mobbing","Anti-Bianca-Initiative","cool","30","0","none","2021-11-21","20:14:22"
"363","Wie viele Buchstaben hat das Alphabet?","26","30","27","28","wissenschaft","30","0","none","2021-11-21","20:14:22"
"364","Wie entstehen Horkruxe?","Durch Mord und schwarze Magie","Durch Folter und schwarze Magie","Durch schwarze Magie","Durch Geisselung und schwarze Magie","filme","39","0","none","2021-11-21","20:14:22"
"365","Was ist die beste Schrift?","Comic Sans MS","Calibri","Arial","Times New Roman","kunst","39","0","none","2021-11-21","20:14:22"
"366","Wer hat Comic Sans erfunden?","Vincent Connare","Bill Gates","Thomas Dublin","Ethan Jones","geschichte","24","0","none","2021-11-21","20:14:22"
"371","Wie heisst der Hund von ""Wisse macht Ah""?","Lumpi","Wauwau","Wuffi","Laffi","filme","39","0","none","2021-11-21","20:14:22"
"396","Vieviele Fragen über Afrika gibt es?","unnötig viele","20","19","zu viele","geographie","30","0","none","2021-11-21","20:14:22"
"397","Das Östlichste Land auf dem Kontinent Afrikas?","Somalia","Kenia","Süd Sudan","Madagaskar","geographie","0","0","none","2021-11-21","20:14:22"
"398","Das Westlichste zugehörige Land Afrikas?","Kap Verde","West Sahara","Marokko","Senegal","geographie","0","0","none","2021-11-21","20:14:22"
"400","Ist Fergy53 der beste Newcomer im Deutschrap?","Ja","Nein (untermensch wer nein drückt)","Ja aber zum zweiten mal","Ja aber zum dritten mal","sonstige","0","0","none","2021-11-21","20:14:22"
"401","Welches ist die heisseste Klasse ?","Med 21/25 (ausgeschlossen Janis)","Med 20/24","Med 19/23","Med 18/22","cool","22","0","none","2021-11-21","20:14:22"
"402","Was sollte man nicht tun?","Natalie seinen Vater zeigen","Anderen Leuten sagen sie sollen aus dem Fenster springe ","Hunde treten","Mit Lehrern vögeln ","cool","0","0","none","2021-11-21","20:14:22"
"403","Beste quizplattform?","Quuli.ch ","Allgemeinwissen.de","Kahoot","Trivial","sonstige","22","0","none","2021-11-21","20:14:22"
"404","Beste Schriftart?","Comic Sans","Calibri","Arial","Helvetica","cool","22","0","none","2021-11-21","20:14:22"
"405","Heissester Lehrer der HKV?","Christian Sebök","Antonio Anta Brink","Kaspar Iff","Margrit Nägeli","cool","22","0","none","2021-11-21","20:14:22"
"406","Welches Lebensmittel kann auch als Conditioner benutzt werden?","Apfelessig","Olivenöl","Nutella","Zitronensaft","essen","26","0","none","2021-11-21","20:14:22"
"407","Wie heisst der autistische Arzt in der Serie ""The Good Doctor""?","Shaun Murphy","Ralph Odd","Simon Niclas","Tom Holland","filme","26","0","none","2021-11-21","20:14:22"
"408","Was sollten Hunde nicht essen?","Schokolade","Gurke","Hühnchen","Wassermelone","essen","26","0","none","2021-11-21","20:14:22"
"409","Welche Fähigkeit hat eine Katze nicht?","Lange tauchen","Im Dunkeln sehen","Krallen ein und ausfahren","Durch sehr schmale Öffnungen gelangen","tiere","26","0","none","2021-11-21","20:14:22"
"410","Welches der folgenden Tiere ist kein Insekt?","Spinne","Mücke","Fliege","Ameise","tiere","26","0","none","2021-11-21","20:14:22"
"411","Auf welchem Planeten ist die Wahrscheinlichkeit sehr hoch, dass es Diamanten regnet?","Neptun","Jupiter","Saturn","Merkur","wissenschaft","26","0","none","2021-11-21","20:14:22"
"412","Welche Farbe löst die Emotion der Freiheit aus?","Grün","Violett","Gelb","Rot","kunst","26","0","none","2021-11-21","20:14:22"
"413","Wie viele Planeten befinden sich in unserem Sonnensystem?","Acht","Zehn","Sieben","Neun","wissenschaft","26","0","none","2021-11-21","20:14:22"
"414","Von welcher Firma wurden die Apps Instagram und Whatsapp aufgekauft?","Meta","Facebook","Opera","Google","technik","26","0","none","2021-11-21","20:14:22"
"415","Welche Krankheit ruft eine Übermenge an Zucker hervor?","Diabetes","Lungenembolie","Blutkörper-Etropose","Lymphknotenschwellung","sonstige","26","0","none","2021-11-21","20:14:22"
"416","Wo ist die Briefmarke auf einem Brief?","Rechts oben","rechts unten","links oben","links unten","sonstige","39","0","none","2021-11-21","20:14:22"
"417","Wo im Körper befindet sich der kleinste Knochen des Menschen?","Im Ohr","Im kleinen Zeh","Hinter dem Nasenknorpel","Im Daumen","wissenschaft","26","0","none","2021-11-21","20:14:22"
"418","Von welchem Videospiel stammt der Charakter Nathan Drake?","Uncharted","Overwatch","Beyond Two Souls","CSGo","technik","26","0","none","2021-11-21","20:14:22"
"419","Welches Ereignis führte zu einer der grössten Erkenntniss der Wissenschaft?","Ein Apfel der vom Baum viel.","Ein Schiff, welches einen Wasserfall herunterstürzte","Eine Ameise, welche in einem Wassertropfen ertrank","Ein Vogel, der über dem Kopf von Albert Einstein kreiste","wissenschaft","26","0","none","2021-11-21","20:14:22"
"420","Welches Tier kann seine Augen um 180° drehen, um es im Kampf zu schützen?","Hai","Giraffe","Löwe","Strauss","tiere","26","0","none","2021-11-21","20:15:16"
"421","Welches der folgenden Lebensmittel enthält am meisten Zucker?","Ketchup","Cola","Orangensaft","Ice Tea","essen","26","0","none","2021-11-21","20:17:36"
"422","Welches der Papierformate ist am grössten?","A3","A4","A6","A8","sonstige","26","0","none","2021-11-21","20:18:25"
"423","Welches Tier lebt am längsten?","Schildkröte","Krokodil","Siamesische Katze","Braunbär","tiere","26","0","none","2021-11-21","20:20:44"
"424","Wo leben Pinguine?","Antarktis","Am Äquator","Am Nordpool","Niederlande","geographie","26","0","none","2021-11-21","20:23:04"
"425","Auf welchem Kontinent liegt Australien?","Australien ist ein Kontinent","Afrika","Südamerika","Neuseeland","geographie","26","0","none","2021-11-21","20:24:19"
"426","In welchem Land befindet sich der grösste Staudamm der Welt?","China","Russland","United States","Türkei","geographie","26","0","none","2021-11-21","20:25:35"
"427","Aus was besteht die Mine eines Bleistifts?","Graphit und Ton","Blei","Titan","Kohle","wissenschaft","26","0","none","2021-11-21","20:26:50"
"428","Welchen Teil einer Pflanze sollte man nicht essen?","Den Stiel eines Löwenzahns","Das Herz eines Farns","Einen Neuen Zweig einer Tanne","Eine Kleeblüte","wissenschaft","26","0","none","2021-11-21","20:47:41"
"429","Wo befindet sich der Blinddarm?","Im rechten, unteren Teil des Bauches","Kurz nach dem Magen","Zwischen den Lungenflügeln","Wo sich Dick und Dünndarm kreuzen","wissenschaft","26","0","none","2021-11-21","20:49:24"
"430","Was kann bei einem Schlaganfall passieren?","Einseitige Lähmung des Körpers","Augenzucken","Unkontrollierbares Fusszucken","Absterben der Zehen","wissenschaft","26","0","none","2021-11-21","20:50:39"
"431","Was ist Photosynthese?","Erzeugung von Energie durch Licht","Eine Methode um dunkle Photos zu schiessen","Die Bearbeitung eines Portraitphotos","Die Geburt eines Kuhbabies","wissenschaft","26","0","none","2021-11-21","20:55:01"
"432","Welche Vorliebe hat eine Elster?","Metall klauen","Brot essen","Kurze Abkühlungen in Bächen","Mandeln","tiere","26","0","none","2021-11-21","20:56:33"
"433","Was ist die Durchschnitssgrösse bei Frauen in der Schweiz?","166cm","162cm","160mm","160cm","wissenschaft","39","0","none","2021-11-21","21:08:07"
"434","Was ist die Durchschnittskörpergrösse eines Mannes in der Schweiz?","178cm","180cm","160cm","180mm","wissenschaft","39","1","none","2021-11-21","21:09:06"
"435","Wie hoch ist der grösste Baum der Welt?","84m","101m","63m","324m","sonstige","39","0","none","2021-11-21","21:11:29"
"436","Wie gross ist die Erde?","696’340 km","523’340 km","334’340 km","932’340 km","wissenschaft","39","0","none","2021-11-21","21:13:00"
"437","Wie gross ist die Erde?","6’371 km","8’371 km","69’371 km","9’371 km","wissenschaft","39","1","none","2021-11-21","21:13:58"
"438","Wie gross ist der Mond?","1’737.4 km","2’737.4 km","10’737.4 km","5’737.4 km","wissenschaft","39","0","none","2021-11-21","21:14:34"
"439","Wie gross ist die Schweiz?","41’285 km²","201’285 km²","1’285 km²","20’285 km²","geographie","39","0","none","2021-11-21","21:16:34"
"440","Wie gross ist Deutschland?","357’386 km²","322’386 km²","438’386 km²","214’386 km²","geographie","39","0","none","2021-11-21","21:18:16"
"441","Was ist grösser?","1ha","1a","1km","1cm","technik","39","0","none","2021-11-21","21:19:46"
"442","Wem wird niemals freiwillig angerufen?","Janis","Bianca","Natalie","Max","cool","24","0","none","2021-11-21","21:21:53"
"443","Was ist grösser?","Ananas","Apfel","Traube","Orange","essen","39","0","none","2021-11-21","21:21:58"
"444","Wer ist schöner Brad Pitt oder Johnny Depp?","Johnny Depp","Brett Pitt","Alles was die andere Meinung von Natalie","nicht Johnny er ist ein Depp","cool","24","0","none","2021-11-21","21:23:45"
"445","Wie viele Punkte kriegt man für eine Frage?","100","200","50","5","cool","39","0","none","2021-11-21","21:23:58"
"446","Wer ist Papi?","Ist ein Geheimnis","Ja ein Vater natürlich","ein Samenspender","keine Ahnung frag natalie","cool","24","0","none","2021-11-21","21:25:41"
"447","Was gibt es nicht in der Google-Leiste?","Figuren","Alle","Shopping","Mehr","sonstige","39","0","none","2021-11-21","21:25:47"
"448","Wann kommt der Samichlaus?","Am 6. Dezember","An Weihnachten","An Silvester","Am dritten Advent","kultur","26","0","none","2021-11-21","21:25:50"
"449","An was fehlt es einigen Schülern der Med 21/25?","Humor","Fachkompetenz","Anstand","Allgemeinwissen","cool","22","0","none","2021-11-21","21:26:51"
"450","Welches Lebensmittelart steht in der Ernährungspyramide ganz Unten ?","Getränke","Fleisch und Fisch","Gemüse","Snacks","essen","26","0","none","2021-11-21","21:27:47"
"451","Welches Wort gibt es nicht?","Überwasserdehydration","Joghurtdrink","Finanzdienstleistungsunternehmen","Veranstaltungsinformationsdienst","sonstige","39","1","none","2021-11-21","21:27:48"
"452","Wer ist am nervigsten im Unterricht?","Janis","Bianca","Natalie","Bianca und Natalie","cool","24","0","none","2021-11-21","21:28:11"
"453","Welche Buchreihe gibt es nicht?","Wasserhaut","Harry Potter","Die Tribute von Panem","Eisenwolf","filme","39","0","none","2021-11-21","21:29:16"
"454","Was sagt man wenn einem einen Hallo sagt?","Nein danke (schüttelt die Hand höflich)","Grüezi","Hoi gahsch au ham","Tschau","cool","24","0","none","2021-11-21","21:30:22"
"455","Aus welchem Land kommt Pizza?","Italien","Frankreich","Spanien","Deutschland","essen","26","0","none","2021-11-21","21:30:34"
"456","Welche Kerzenmarke gibt es?","Yankee Candle","Wanhau Candle","Rose Candle","Feldimau Candle","sonstige","39","0","none","2021-11-21","21:30:54"
"457","Aus welchem Land kommt Baguette?","Frankreich","Italien","Österreich","Schweiz","essen","26","0","none","2021-11-21","21:31:01"
"458","Was ist ein Berufsbildner?","Ein Freund","Ein Professor","Ein Chef","Jemand aus der Buchhaltung","cool","22","0","none","2021-11-21","21:32:29"
"459","Welche Kaugummimarke gibt es nicht?","V8","Stimorol","Wubba Bubba","Orbit","sonstige","39","0","none","2021-11-21","21:32:30"
"460","Wie hoch ist der Kalorienbedarf eines Erwachsenen?","2400 Kalorien","4000 Kalorien","1000 Kalorien","250 Kalorien","essen","26","0","none","2021-11-21","21:33:01"
"461","Woran erkennt man seine heimlichen Verehrer?","Kaputte Schuhe","Einer Erektion","Roter Pulli","Mundgeruch","cool","22","0","none","2021-11-21","21:35:23"
"462","Welche Firma gibt es nicht?","Wubblefire","Digital Republic","Carand'ache","Coop","sonstige","39","0","none","2021-11-21","21:35:28"
"463","Was steckt in Kaffee?","Koffein","Teein","Colain","Kokain","essen","26","0","none","2021-11-21","21:36:05"
"464","Wie alt kann ein Pazifischer Nordkaper werden?","70 Jahre","200 Jahre","300 Jahre","1000 Jahre","tiere","39","0","none","2021-11-21","21:36:26"
"465","Wie alt wird ein Tiger?","8-10 Jahre","10-12 Jahre","12-14 Jahre","2-3 Jahre","tiere","39","0","none","2021-11-21","21:37:25"
"466","Welche Affenart kommt einem Menschen am nächsten?","Schimpanse","Orang Utan","Gorilla","Homo","tiere","26","0","none","2021-11-21","21:38:03"
"467","Wie alt wird ein Löwe?","10-15 Jahre","8-14 Jahre","13-18 Jahre","2-3 Jahre","tiere","39","0","none","2021-11-21","21:38:10"
"468","Wie alt wird ein Leopard?","12-17 Jahre","15-17 Jahre","20-22 Jahre","14-15 Jahre","tiere","39","0","none","2021-11-21","21:39:06"
"469","Welche Insektenart hat keine Königin?","Mücken","Bienen","Ameisen","Wespen","tiere","26","0","none","2021-11-21","21:39:11"
"470","Wer ist böse?","Maximator","Sister M","MAxims moral","Maxim","cool","24","0","none","2021-11-21","21:39:43"
"471","Wie alt wird eine Hauskatze?","2-16 Jahre","bis sie stirbt","12-18 Jahre","5-20 Jahre","tiere","39","0","none","2021-11-21","21:39:57"
"472","Wie alt wird eine Erdkröte?","10-12 Jahre","5-7 Monate","3-4 Monate","4-8 Jahre","tiere","39","0","none","2021-11-21","21:40:49"
"473","asd?","jhkl","lk","klljk","kjlk","kultur","45","0","none","2021-11-21","21:42:24"
"474","Welches Lebensmittel ist kein Lebewesen?","Malzena","Pilz","Backhefe","Schaf","essen","26","0","none","2021-11-21","21:42:50"
"475","Was ist der grösste Berg?","Natalies Berg von Problemen","Mount Everest","Degu Scheisshaufen","Alle Antworten sind gleich","cool","24","0","none","2021-11-21","21:43:05"
"476","Wie groß ist die größte Schlangenart?","9 m","5 m","13 m","22 m","tiere","39","0","none","2021-11-21","21:43:08"
"477","Wie alt wird ein Dingo?","13-15 Jahre","15-19 Jahre","12-14 Jahre","3-5 Jahre","tiere","39","0","none","2021-11-21","21:44:35"
"478","Welchen Vogel gibt es nicht?","Feuervogel","Emu","Kolibri","Eisvogel","tiere","26","0","none","2021-11-21","21:44:50"
"479","Was stinkt mehr?","Fructuoso","Scheisse","Furz","Kotze","cool","24","1","none","2021-11-21","21:45:47"
"480","Wer schrieb das Buch Erebos?","U. Poznanski","U. Poznansky","V. Poznonski","U. Poznonsky","filme","39","0","none","2021-11-21","21:46:11"
"481","Was war gelb und ist nun Weiss?","Huhn","Ei","Wasser","Jogurt","sonstige","39","0","none","2021-11-21","21:47:16"
"482","Welche Farben hat ein Jonglierball?","grün blau gelb rot","blau gelb rot violett","gelb rot schwarz weiss","rot blau schwarz weiss","sport","39","0","none","2021-11-21","21:48:50"
"483","Welche farbe hat ein basketball?","orange","blau","orange mit leichtem rotstrich","orange mit leichtem gelbstrich","sport","39","0","none","2021-11-21","21:49:36"
"484","Alli mini entli...?","...haben meine hausaufgaben gegessen","...schwimmen auf dem see","...köpfchen in das Wasser","...schwäntzchen in die höh","cool","24","0","none","2021-11-21","21:49:51"
"485","Welche Farben hat ein Fussball?","schwarz weiss","grau blau","grau schwarz","dreckig","sport","39","0","none","2021-11-21","21:50:13"
"486","Wie alt ist Natalie?","11 ","15","14","16","cool","39","0","none","2021-11-21","21:51:26"
"487","Wie viel wiegt einer Tiger?","Locker ne Tonne","Drei Bären","Zwei Melonen","Tick Trick und Track","cool","26","1","none","2021-11-21","21:51:57"
"488","Wer ist vergleichbar mit picasso?","leonardo di caprio","Emil nägeli","auf keinen Fall natalie","picasso ist unvergleichbar one and only","cool","24","0","none","2021-11-21","21:52:31"
"489","Welche Farbe hat Quuli?","blau","grün","gelb","rot","sonstige","39","0","none","2021-11-21","21:52:39"
"490","Welches ist das teuerste Bild der Welt?","Salvator Mundi","Mona Lisa","Wassermond","Rotgelbes Wunder","kunst","39","0","none","2021-11-21","21:54:00"
"491","Wieso sitzt man im MC draussen?","Man ist nicht geimpft","Man hat Hausverbot","Man will noch ein bitzli die frische Luft geniessem","Man findet die Stühle draussen einfach gmüätlich","cool","22","0","none","2021-11-21","21:54:44"
"492","Welches Bild wurde nicht von Da Vinci gemalt?","Sternennacht","Salvator Mundi","Mona Lisa","Das Abendmal","kunst","39","0","none","2021-11-21","21:55:06"
"493","Was hat Van Gogh getan?","sein Ohr abgeschnitten","Menschen ermordet","Tiere quälen","das Internet erfunden","kunst","39","0","none","2021-11-21","21:56:51"
"494","Wer kann hacken?","ein hacker","bianca","bianca","acnaib","cool","24","0","none","2021-11-21","21:58:35"
"495","Was sollte man in der in der Familie nicht tun?","Es zu sehr treiben","Sich schlagen","Gemeinsam frühstücken","Quuli spielen","cool","22","0","none","2021-11-21","21:58:49"
"496","Wie alt war Van Gogh als er starb?","37","22","57","72","kunst","39","1","none","2021-11-21","21:59:15"
"497","Wann lebte Van Gogh?","1853 -1890","1857 -1893","1822 -1834","1821 -1856","kunst","39","0","none","2021-11-21","22:00:18"
"498","Wann starb Van Gogh?","29. Juli 1890","30. August 1898","22. Mai 1894","18. September 1891","kunst","39","0","none","2021-11-21","22:01:20"
"499","Bitte füllen Sie hier eine Frage ein?","gehen Sie jetzt sterben","Beantworten Sie die Frage","Tippen Sie antworten rein","tippen sie NUR eine Antwort ein","cool","24","0","none","2021-11-21","22:01:29"
"500","Wer stirbt als erstes?","Wahrscheinlich bianca tbh","probably bianca","Maxim würde niemals sterben wegen seiner krassen vergangenheit","100% Maxim","cool","24","0","none","2021-11-21","22:03:27"
"501","Welcher Schauspieler ist in Titanic kläglich untergegangen, obwohl er auf die Tür gepasst hätte?","Leonardo di Caprio","Tom Holland","Tom Cruise","Dwayne Jonson","filme","26","0","none","2021-11-21","22:03:31"
"502","Welche Wasserfarbenmarke gibt es nicht?","Schaffhauser Nachrichten","Carand D'Ache","Van Gogh","White Nights","sonstige","39","0","none","2021-11-21","22:06:39"
"503","mathe?","Nein","voll cool","mega krass","extra wyld","cool","24","0","none","2021-11-21","22:06:45"
"504","Wie viel wiegt ein totenkopf?","google selber wenn dus wissen willst","3 kilogramm","locker eine tonne","567.93821 gramm","cool","24","1","none","2021-11-21","22:07:50"
"505","Welcher Tom ist nicht von England?","Tom Cruise","Tom Holland","Tom Hiddleston","Tom Felton","filme","26","0","none","2021-11-21","22:08:29"
"506","Welche Preisstrategie existiert nicht?","Superbilligstrategie","Übervorteilungsstrategie","Premiumsstrategie","Billigstrategie","kultur","26","0","none","2021-11-21","22:11:07"
"507","Wie viele Spieler sind in einer Fussballmannschaft?","11","12","14","9","sport","26","0","none","2021-11-21","22:34:00"
"508","Welchen Handballferein gibt es nicht?","Löwen-König-Schweiz","THW Kiel","Rhein-Neckar-Löwen","Wacker Thun","sport","0","0","none","2021-11-21","22:35:06"
"509","Welchen Sport gibt es nicht?","Jogurtessen","Gaming","Hight heels run","Gummistiefelweitwurf","sport","0","0","none","2021-11-21","22:39:03"
"510","Mit welchem Tier wird reiten betrieben?","Pferd","Nilpferd","Kuh","Kamel","sport","26","0","none","2021-11-21","22:39:05"
"511","Wie lange ist eine Bahn in einem Schwimmbad?","25m","20m","30m","50m","cool","26","1","none","2021-11-21","22:40:02"
"512","Welche Sportart gibt es?","Air Sex","Wasserweitwurf","Run in a circle","plant growing","sport","0","0","none","2021-11-21","22:41:26"
"513","Wie lange ist ein Marathon?","42.195 km","43 km","40 km","35 km","sport","26","0","none","2021-11-21","22:41:33"
"514","Welche Sportart ist Tradition in der Schweiz?","Schwingen","Handball","Waterboarding","Fussball","sport","0","0","none","2021-11-21","22:45:16"
"515","Welche Sportart mit dem Fahrrad gibt es nicht?","Mountain Hill","Cyclocross","Downhill","BMX","sport","26","0","none","2021-11-21","22:46:10"
"516","Welche Sportart ist Tradition in der Schweiz?","Hornussen","Speerwerfen","Kugelstossen","Klettern","sport","0","0","none","2021-11-21","22:46:15"
"517","Welches ist der grösste Knochen im menschlichen Körper?","Oberschenkelknochen","Kieferknochen","Wadenknochen","Speiche","wissenschaft","26","0","none","2021-11-21","22:51:40"
"518","Welches ist das grösste Organ?","Haut","Lunge","Darm","Magen","wissenschaft","26","0","none","2021-11-21","22:52:12"
"519","Ab wann sind Morddrohungen erlaubt?","Ab 8:30","Nie","Immer","Mit vertraglicher Einverständnis","cool","39","0","none","2021-11-22","12:16:38"
"520","wie schüttelt man richtig die Hand?","man bricht zuerst seinen daumen","mit einem lächeln im gesicht","erst in die hand spucken","hä mit dem ellbogen natürlich wir sind hier in einer pandemie","cool","24","0","none","2021-11-22","12:25:58"
"521","Was bedeutet BBQ?","Barbeque","Babe Que","Barbies Quest","Best Bro Qrule","essen","26","0","none","2021-11-22","12:29:12"
"522","Weshalb halten manche Menschen Hunde?","Nahrungsmittel","Morgenesse","Mittagessen","Abendessen ","tiere","30","1","none","2021-11-22","12:30:58"
"523","Wie schnell ist Lichtgeschwindigkeit?","unbestimmt","300'000 km/s","280'000 km/s","320'000 km/s","wissenschaft","30","0","none","2021-11-23","12:23:17"
"524","Wenn ein Baum wächst, wie viele schnecken sind dann im Zug?","Nein","3.4","3","Ja","wissenschaft","0","0","none","2021-11-23","18:21:43"
"525","Wie viele Schriftarten gibt es?","zu viele ","wenig","genug","lange ","dmi_typo","45","0","none","2021-11-24","10:18:16"
"526","Für was steht der Begriff LAN?","Local Area Network","Last attack north","Local Attire Notch","Lending All Networks","ikt_network","45","0","none","2021-11-24","11:59:09"
"528","Was war die grösste Inspiration für Ann Demeulemeester?","Patti Smith","Joy Division","Horacio Pagani","Daughters","kunst","0","0","none","2021-11-24","20:22:41"
"529","Wo hat Horacio Pagani gearbeitet bevor er seine eigene Firma gegründet hat?","Lamborghini ","Ferrari","Fiat","DeTomaso","sonstige","0","0","none","2021-11-24","20:23:45"
"530","Wie viele Vector W8 wurden gebaut? (Ohne Prototypen)?","17","19","2","100","sonstige","0","0","none","2021-11-24","20:24:39"
"531","Wann hat Nas sein erstes Album veröffentlicht?","1994","1998","2001","1987","sonstige","0","1","none","2021-11-24","20:25:17"
"532","Was ist eine Rohbilddatei?","Nicht komprimiertes Bild","Komprimiertes Bild","Ein Programm","Musikrichtung","dmi_typo","39","0","none","2021-11-24","20:58:22"
"533","Wenn man eine Raw-Datei in PSE öffnet, wie nenn sich das offene Fenster?","Camera Raw","Foto Raw","Bild Raw","Picture Raw","dmi_typo","39","0","none","2021-11-24","21:00:34"
"534","Was zeigt ein Histogramm an?","Tonwerte aller Farbkanäle","Tonwerte der schwarz-weiss Farbkanäle","Farbwerte","Rot und Blau masse","dmi_typo","39","0","none","2021-11-24","21:03:26"
"535","Was macht ein Weissabgleich?","Korrektur der Lichttemperatur","Helligkeit anpassen","Farben verändern","Tonwerte anpassen","dmi_typo","39","0","none","2021-11-24","21:07:30"
"536","Was bestimmt der Betrag?","Wie stark der Kontrast erhöht wird von der Schärfe","Wie stark die Farben vertieft werden","Wie die Auflösung eines Bildes ist","Die Hellikeit","dmi_typo","39","0","none","2021-11-24","21:13:09"
"537","Was macht der Radius im Bezug auf den Betrag?","Breite des Konturbereichs, an welchem die Kontrasterhöhung greift","Auflösung des Bildes","Farbramen zur Bestimmung der Farbtiefe","Tiefe der Dunkelheit","dmi_typo","39","0","none","2021-11-24","21:15:56"
"538","Was löst starkes Rauschen aus?","Geringe Helligkeit und hoher ISO-Wert","Tiefe Farbdichte","Hohe Farbdichte","Schnelle Bewegung beim Aufnehmen des Bildes","dmi_typo","39","0","none","2021-11-24","21:20:38"
"539","Was macht niedriger Luminanz-Wert?","Starke Entrauschung der Bilder","Stark rauschende Bilder","Hohe Bildauflödung","Keine Wirkung","dmi_typo","39","0","none","2021-11-24","21:22:39"
"540","Was ist der Nachteil von niegrigem Luminanz-Wert?","Unscharfe Details","Allgemeine Unschärfe","Grosse Pixel","Farbverblassung","dmi_typo","39","0","none","2021-11-24","21:23:58"
"541","Was ist ein Vortei eined Grafiktabletts?","Direkte Digitalisierung","Hilfe beim malen","Keine Akkuprobleme","Ist billiger","dmi_typo","39","0","none","2021-11-24","21:27:57"
"542","Was ist ein Grafiktablett?","Ein Gerät um darauf zu malen","Eine Fläche um Sachem zu servieren","Ein Hut","Etwas Unnötiges","dmi_typo","39","0","none","2021-11-24","21:29:36"
"543","Was generiert ein Formwerkzeug?","Vektorobjekte","Pixelobjekte","Ein Textfeld","Jogurt","dmi_typo","39","0","none","2021-11-24","21:31:44"
"544","Was ist speziell an Vektorobjekten?","Verlustfreie Skalierung","Kleine Formen möglich","Bessere Farbauflösung","Langsamerer Stromverbrauch","dmi_typo","39","0","none","2021-11-24","21:33:02"
"545","Was ist nicht mit den Werkzeugoptionen möglich?","Ein Textfeld krumm machen","Feste Grösse bei einem Rechteck festlegen","Einen Kreis machen","Linie mit Pfeilspitzen einfügen","dmi_typo","39","0","none","2021-11-24","21:35:10"
"546","Mit welcher Taste kann man beim Buntstift eine gerade Linie zeichnen?","Shift","Ctrl","Alt","Ctrl + Alt","dmi_typo","39","0","none","2021-11-24","21:40:42"
"547","Welchen dieser Einflüsse gibt es nicht auf unsere Farbwahrnehmung?","Gedankliche Grundlagen","Biologische Grundlagen","Kulturelle Grundlagen","Individuelle Grundlagen","dmi_typo","45","0","none","2021-11-26","15:59:50"
"548","Welche dieser Farben nehmen wir am intensivsten auf?","Rot","Blau","Gelb","Grün","dmi_typo","45","0","none","2021-11-26","16:00:51"
"549","Von welcher dieser Eigenschaften ist die Farbdarstellung eines Monitors nicht abhängig?","Beliebtheit des Herstellers","Farbkalibrierung","Computer und Betriebssystem","Farbraum welcher der Computer kann","dmi_typo","45","0","none","2021-11-26","16:02:46"
"550","Wie viele Farben sind mit dem RGB Farbraum möglich?","ca. 16.77 Millionen","ca. 19.50 Millionen","ca. 10.60 Millionen","ca 30.56 Millionen","dmi_typo","45","0","none","2021-11-26","16:03:56"
"551","Welcher Farbraum ist am grössten?","Adobe RGB","sRGB","CMYK","HSB","dmi_typo","45","0","none","2021-11-26","16:06:23"
"552","Wenn würdest du eher fett Boxen?","Janis","Finn","Maxim","Bianca","wwde","45","0","none","2021-11-27","14:35:39"
"553","Wer hat alle Afrika Fragen gestellt?","der Namenlose","David Ruh","Neslon Mandela","unbenannt","cool","30","0","none","2021-11-29","12:31:36"
"554","Welches ist der beste Laptop in MED21/25?","HP Elitebook","Lenovo ThinkPad ","Lenovo Yoga ","Microsoft","cool","39","1","none","2021-11-29","12:42:51"
"555","What does she ...?","Düüü","do","eat","have","cool","0","1","none","2021-11-30","13:23:08"
"556","Was muss man tun, dass etwas funktioniert?","Es aktivieren","Nichts","alles","kommt drauf an","cool","22","0","none","2021-11-30","13:42:32"
"557","Welche deutsche Serie gibt es nicht?","Mein Haus, dein Haus","Bauer ledig sucht","Frauentausch","Schwiegertochter gesucht","filme","26","0","none","2021-11-30","13:47:26"
"558","was ist David?","Darvida","eins David","Davide","Davad","cool","26","0","none","2021-11-30","14:04:54"
"559","Wer ist eigentlich Maximator?","Maxim","Quuli.ch","Bianca","Natalie","cool","30","0","none","2021-11-30","14:52:19"
"560","Weshalb ist Garigliano unser Lieblingslehrer?","Garigliano","Er gibt Deutsch","Er hasst uns NOCH nicht","Er gibt uns Deutsch geschichte","cool","30","0","none","2021-11-30","14:54:25"
"561","Wann macht es sinn die Laufweite zu verkleinern?","Bei grossen Schriften","Bei kleinen Schriften","Bei Serifen Schriften","Bei Fantasy Schriften","mig_photo","0","0","none","2021-11-30","16:12:35"
"562","Wie heisst eigentlich das Thema?","Typografie","Memographie","Medien","Logos","mig_photo","0","0","none","2021-11-30","16:13:49"
"563","Bis wann waren gebrochene Schriften üblich?","1941","1973","1950","1921","mig_photo","0","0","none","2021-12-01","10:47:14"
"564","Was sind Versalien?","Grossbuchstaben","Kleinbuchstaben","Zahlen","Schräge Buchstaben","mig_photo","0","0","none","2021-12-01","10:48:53"
"565","Welchen dieser Schriftstile gibt es nicht?","Rounded","Italics","Bold","Thin","mig_photo","0","0","none","2021-12-01","10:50:26"
"566","Welches dieser Formate ist keine Outline Schriftformat?","Fon","OpenType","TrueType","PostScript","mig_photo","0","0","none","2021-12-01","10:53:08"
"567","Welche dieser Schriften ist aus unserer sicht nicht fremd?","Latein","Chinesisch","Hebräisch","Arabisch","mig_photo","0","0","none","2021-12-01","11:27:28"
"568","Womit beschäftigt sich das Screendesign?","Präsentation von inhalten auf Monitoren","Der Bauweise von Monitoren","Der Farbtechnik von Bildschirmen","Dem Layout von Zeitungen","mig_photo","0","0","none","2021-12-01","11:30:16"
"569","Wer ist kein Sportler?","Marcel Eri","Marcel Sabitzer","Marcel Halstenberg","Marcel Schmelzer","sport","48","1","none","2021-12-01","20:14:05"
"570","Wer ist kein Sportler?","Marcel Eris","Marcel Schmelzer","Marcel Sabitzer","Marcel Halstenberg","sport","48","0","none","2021-12-01","20:14:51"
"571","Wie hoch ist der Mount Everest?","8848m","7874m","10'230m","6646m","geographie","26","0","none","2021-12-03","08:30:00"
"572","Auf welchem Kontinent liegt Kanada?","Nordamerika","Südamerika","Afrika","Europa","geographie","26","0","none","2021-12-03","08:30:41"
"573","Was ist speziell an einem Anglerfisch?","Er hat eine Laterne am Kopf","Er wird weiss wenn er stirbt","Er wird bis zu 13 Meter lang","Es gibt nur Männchen","tiere","26","0","none","2021-12-03","08:33:34"
"574","Was ist speziell an Seepferdchen?","Der Vater trägt die Babys aus","Man kann sie reiten","Sie können wie ein Chamäleon die Farbe ändern","Sie können aus dem Wasser springen","tiere","26","0","none","2021-12-03","08:35:21"
"575","Was ist das grösste, das ein Blauwal verschlingen kann?","Grapefruit","Mensch","Erbse","Auto","tiere","26","0","none","2021-12-03","08:43:37"
"576","Welches der Metalle ist bei Raumtemperatur flüssig?","Quecksilber","Gold","Aluminium","Titan","wissenschaft","26","0","none","2021-12-03","08:51:24"
"577","Was ist kleiner als ein Atom?","Elektronen, Protonen und Neutronen","Bakterien","Pixel","Menschliche Zelle","wissenschaft","26","0","none","2021-12-03","08:58:07"
"578","Wie lange würde eine Zugfahrt zum Mond dauern?","16 Tage","3 Monate","48 Stunden","1 Jahr","wissenschaft","26","0","none","2021-12-03","09:01:11"
"579","Was liegt auf der Oberfläche des Mondes?","Gesteinspulver","Beton","Staub","Schnee","wissenschaft","26","0","none","2021-12-03","09:03:21"
"580","Wie wird die Erde auch genannt?","Der blaue Planet","Die blaue Kugel","Der bewohnte Planet","Der eisige Planet","wissenschaft","26","0","none","2021-12-03","09:07:04"
"581","Welches Musikvideo auf Youtube hat die meisten Dislikes?","Despacito - Luis Fonsi/Daddy Yankee","Baby - Justin Bieber","How it is - Bibis Beauty Palace","Dame tu Cosita - ...","geschichte","26","0","none","2021-12-03","09:11:55"
"582","Warum ist Facebook blau?","Zuckerberg hat eine Rot-Grün-Schwäche","Weil es ans Meer erinnert","Weil Zuckerberg die Farbe schön fand","Einfach aus reinem Zufall","technik","26","0","none","2021-12-03","11:09:02"
"583","fasljdf?","jfashd","eine Fishermans Friend Sorte","Bianca","Maxim","technik","45","0","none","2021-12-04","15:12:55"
"584","woher ist Maxims Uhr?","Er hat sie einem Kind geklaut","Aus dem Darknet","Er hat sie gekauft","einen Kuh hat sie gekackt","cool","0","0","none","2021-12-04","15:15:07"
"585","Wer ist positiv?","Janis und Emily","Jaun","dä mädder","t Linsi","cool","39","0","none","2021-12-07","19:34:52"
"586","Wer ist entjungfert worden?","Maxim's Nase","Natalie (eh niä)","Juan","Herr Liächti","cool","39","0","none","2021-12-07","19:36:08"
"587","Wie viele Tage hat der Februar normaler weise?","28","29","30","31","sonstige","0","0","none","2021-12-08","08:58:39"
"588","Wie heisst der Amerikanische Börsenindex?","Nasdaq","Nesdaq","SMI","FLOWWRAP","sonstige","0","0","none","2021-12-13","19:41:16"
"589","Wie viele Staaten hat die USA?","50","52","39","76","geographie","0","0","none","2021-12-13","19:42:12"
"590","Wer ist der Aktuelle Präsident von den USA?","Joe Biden","Donald Trump","Martin Luther King","George Bush","geschichte","0","0","none","2021-12-13","19:43:17"
"591","Was ist der Nördlichste Kanton der Schweiz?","Schaffhausen","Jura","Basel","Tessin","geographie","0","0","none","2021-12-13","19:45:07"
"592","Wer war Charlie Chaplin?","Schauspieler","Diktator","Erfinder","Entdecker","geschichte","0","0","none","2021-12-13","19:50:40"
"593","Welcher dieser Staaten gehörte nicht zur ehemaligen Sowjet Union?","China","Russland","Ukraine","Polen","geschichte","0","0","none","2021-12-13","19:54:33"
"594","Welcher Staat der USA ist für seine Orangen bekanntq?","Kalifornien","Florida","Texas","New Mexiko","geographie","0","1","none","2021-12-13","19:57:55"
"595","Weshalb ist orange schlecht?","Weil Xenia es jeden Tag sieht.","Weil Melih es jeden Tag sieht.","Weil Robin es jeden Tag sieht.","Weil MAXIMATOR dies bestummen hat.","cool","0","0","none","2021-12-14","12:27:12"
"596","Wie lange ging der flug zum mond der apollo 11 Rakete?","3 Tage","4 Tage","22 Stunden","5 Tage","wissenschaft","58","0","none","2021-12-18","14:56:29"
"597","Welches Tier wird am meisten verspeist (Asia style)?","Hund","Südafrikanischer riesen Gecko","Arabischer Seeadler","Dreibeiniger Kiessalamander","cool","0","0","none","2021-12-21","14:15:05"
"598","Welcher Lehrer verfügt über einen geschwächten Nacken?","Herr Liechti","Herr Keller","Herr Bührer","Herr Anta Brink","cool","0","0","none","2021-12-21","14:17:12"
"599","Womit wird der Laptop am besten geschützt?","Mit einer herkömlichen Brotdose, welche am besten noch vergammelte Tomatenscheiben in sich trägt","Laptoptasche","Türkischer Feuermagnetsafe mit extra scharfen Knöpfen","Einer steinigen, rostbefreiten teamfähigen Handyhülle","cool","0","0","none","2021-12-21","14:20:21"
"600","Welcher hochbegabte Bildgestalter verwirklichte im Jahre 187 n. C. eine Statue welche den Namen Lancelot Supersad trägt?","DEROPA","Leonarda Do Vinicium","Vaginiale Membranium","Joachim Schänder der 3.","cool","0","0","none","2021-12-21","14:24:27"
"601","Mit welcher eigenartiger Flüssigkeit vermischte man im späten 18. Jahrhundert die Schweisstropfen von Kleopatra?","Mit gar nichts du wiederliches Schwein, ich verg*se deine Generation und entnehme die Niren deines noch kommenden Kindes du vom Boden aufgelesener Mehlsack mit Fischgeruch","Mit der frischen Klosterfrucht","Mit grobkörnigen Arkensenf","Mit Kaffe ähnlicher Anus Milch","cool","0","0","none","2021-12-21","14:29:36"
"602","Was ist Moschus?","Hirschduft um Weibchen anzulocken.","Route 66","trick question sie kriegt zwillinge","juan","tiere","0","0","none","2021-12-30","20:12:03"
"603","Wo war der Amerikanische Wilde Westen?","Westlich vom Missisppi","Südamerika","Kanada","Mexico","geschichte","0","0","none","2021-12-30","20:14:02"
"604","Was ist Wlan?","Wireless local area Networt","Wolf lottery antonym","Weather loan","Worthless archer network","technik","0","0","none","2021-12-30","20:16:04"
"605","Welche dieser Mondmissionen ging schiff?","Apollo 13","Apollo 11","Apollo 2","Apollo 15","geschichte","0","0","none","2021-12-30","20:17:17"
"606","Wer sagte <i>I have a dream</i>?","Martin Luther King","Barack Obama","JF Kennedy","Maozedong","geschichte","45","0","none","2021-12-30","20:22:04"
"607","Wann kam der erste Crocodile Dundee Film Heraus?","1986","1978","1990","1994","filme","45","0","none","2021-12-30","20:24:05"
"608","Welche dieser Pferde Rassen ist gefleckt?","Apaloosa","Andalusier","Lipizaner","Palomino","tiere","45","0","none","2021-12-30","20:26:58"
"609","A?","S","Samsung","Apollo 13","Apollo 11","filme","45","1","none","2021-12-30","20:28:02"
"610","Was ist Lumbago?","Hexenschuss","Herzstillstand","Knochenbruch","Haarverlust","sonstige","45","0","none","2021-12-30","20:30:51"
"611","Bei wem liegt die Beweislast?","Bei dem der die Bauhauptung macht","Beim Richer","Bei den Anwälten","Bei der Gerichtspolizei","wr_rechteinfuehrung","45","0","none","2022-01-01","11:03:36"
"612","Welcher dieser Faktoren spielt die grösste Rolle im Thema?","Recht","Sitte","Moral","Verpflichtung","wr_rechteinfuehrung","45","0","none","2022-01-01","11:09:15"
"613","Was ist Moral?","Was du für richtig hältst","Was das Recht für richtig hält","Was die Gesellschaft für richtig hält","Was deine Freunde für richtig halten","wr_rechteinfuehrung","45","0","none","2022-01-01","11:11:11"
"614","Welches gehört nicht zu den Grundpfeilern des Rechtstaatsprinzip?","Rechtsmittelbelehrung","Grundrechte Schützen","Gewaltenteilung","Legalitätsprinzip","wr_rechteinfuehrung","45","0","none","2022-01-01","11:19:05"
"615","Aus was besteht Käse?","Milch","Rahm","Butter","Äpfeln","essen","45","0","none","2022-01-01","16:43:25"
"616","Wie heisst das Label von Fat Joe?","Terror Squad","Rap Divison","Harlem Records","RocAFella","sonstige","0","0","none","2022-01-02","22:47:29"
"617","Was ist Anta Brinkisch für Ruhe?","Silenzium","Schnauze","Seit mal alle leise","""Böser Blick""","cool","39","0","none","2022-01-04","12:43:31"
"618","Welche Sportart war die erste mit einer WM?","Billard","Fussball","Handball","Cricket","sport","0","0","none","2022-01-07","17:49:27"
"619","Was ist der höchste Berg?","Mount Everrest","Mont Blanc","Monte Negro","Rock Mountains","geographie","0","0","none","2022-01-07","17:52:01"
"620","Von welcher Firma ist die Fotobearbeitungs Software Photoshop?","Adobe","Dell","Microsoft","Libre Office","technik","0","0","none","2022-01-09","11:35:56"
"622","Welches ist die Antwort auf alle Fragen der Welt?","it all depends","darum","ist so weil ist so, bleib so weil war so","weiss nicht","cool","22","0","none","2022-01-25","14:55:40"
"623","Unter welchem Namen ist die müstische Pflanze gegen Werwölfe namens Eisenhut auch bekannt?","Wolfswurz","Wolfszuge","Renatode","Aktuzent","sonstige","26","0","none","2022-01-25","14:57:00"
"624","Welches ist das beliebtestet Ton Datei Format?","MP3","MP4","WAV","FORM","technik","45","0","none","2022-02-05","10:56:15"
"625","In einem Teilchenmodell: Wie sind die Teilchen im flüssigen Aggregatszustand angeordnet?","Unstrukturiert / Dicht beieinander / bewegt sich um andere Teilchen umher","Strukturiert / Dicht beieinander / feste Platzierung","Unstrukturiert / Dicht beieinander / bewegt sich frei im Raum","Strukturiert / Dicht beieinander / bewegt sich um andere Teilchen umher","wissenschaft","30","0","none","2022-08-26","22:10:09"
